epoch,train_loss,lr,train_seconds,val_loss,val_macro_f1,val_top1
1,1.1770326586031332,0.001,43.079738556998564,0.8167799236228962,0.8065586838621286,0.8606112539274493
2,0.6882600126470008,0.0009799910721210753,43.99873291499898,0.6960584838299777,0.8844956334295822,0.9097400742644959
3,0.6040858680882105,0.0009210968803656914,44.16317893800078,0.6539266561651461,0.9080137398868201,0.9303056269637247
4,0.5728579305294084,0.0008280879237226555,43.94273577400054,0.6688134418287062,0.900026563542522,0.9257355041416738
5,0.5536356243055042,0.0007084992347136229,42.40261342699887,0.6075067556915675,0.9295986324398222,0.9471579548700372
6,0.5332340305534805,0.0005720191777007867,44.04913019000014,0.6140244351356787,0.9246737309192726,0.9443016281062554
7,0.5114175242985167,0.0004297045552251745,41.239718941998945,0.595121556232739,0.9413571767787325,0.9551556698086261
8,0.5035589202875044,0.0002930848516221113,43.78542295300031,0.5963783462672055,0.9408830682813404,0.9551556698086261
9,0.4980221047270589,0.00017322818276885473,41.44653679400108,0.5785785222421268,0.9523111538777008,0.9640102827763496
10,0.49395504085029046,7.984462316083946e-05,44.22485594799946,0.5708078025103092,0.9537193999605158,0.9648671808054842
11,0.490840234225843,2.0499553424093487e-05,45.134553694000715,0.5738577353242669,0.9532995152125314,0.964581548129106
12,0.49008017451297947,7.581699686398657e-10,42.26829840500068,0.5742797820406688,0.9537753182716053,0.9648671808054842
