batch,p50_ms,p95_ms,p99_ms,mean_ms,images_per_s,dtype,gpu,img_size,warmup,iterations,torch,includes_preprocessing,exp_id,method,fused_bn,measurement_scope
1,5.729420001443941,11.591046199555416,14.089130460506562,6.561072800104739,174.53773676008703,fp32,Tesla T4,224,10,50,2.11.0+cu130,False,I00,1-view FP32,False,GPU tensor transforms + model + aggregation; excludes image decode/CPU loader
32,107.4312575001386,110.00503980021676,111.46980683093716,107.51659660018049,297.86489281258497,fp32,Tesla T4,224,10,50,2.11.0+cu130,False,I00,1-view FP32,False,GPU tensor transforms + model + aggregation; excludes image decode/CPU loader
1,10.427710000840307,19.741569550660643,21.27233837998574,12.944224580023729,95.89833241616961,fp32,Tesla T4,224,10,50,2.11.0+cu130,True,I01,TTA horizontal flip — probability mean,False,GPU tensor transforms + model + aggregation; excludes image decode/CPU loader
32,213.87726400007523,217.20177489996786,218.02677028013932,214.132681460178,149.61852139640587,fp32,Tesla T4,224,10,50,2.11.0+cu130,True,I01,TTA horizontal flip — probability mean,False,GPU tensor transforms + model + aggregation; excludes image decode/CPU loader
1,26.44118999978673,29.841632650914104,37.387334849754524,27.036498800225672,37.81978042622385,fp32,Tesla T4,256,10,50,2.11.0+cu130,True,I02,TTA 5-crop — probability mean,False,GPU tensor transforms + model + aggregation; excludes image decode/CPU loader
32,544.4308804999309,551.1736415994164,555.4525246200137,545.1350542400905,58.776974536447256,fp32,Tesla T4,256,10,50,2.11.0+cu130,True,I02,TTA 5-crop — probability mean,False,GPU tensor transforms + model + aggregation; excludes image decode/CPU loader
1,15.308800000639167,20.638476400654326,21.055600650743145,16.425356860127067,65.32190635178776,fp32,Tesla T4,224,10,50,2.11.0+cu130,True,I03,TTA horizontal flip — logit mean,False,GPU tensor transforms + model + aggregation; excludes image decode/CPU loader
32,217.2188990007271,220.99224774965478,222.42486086064673,217.31997850009066,147.31683176376328,fp32,Tesla T4,224,10,50,2.11.0+cu130,True,I03,TTA horizontal flip — logit mean,False,GPU tensor transforms + model + aggregation; excludes image decode/CPU loader
1,14.894369999638002,18.891596899629803,21.088438899969333,15.263122439973813,67.13946276507865,fp32,Tesla T4,224,10,50,2.11.0+cu130,False,I05,Ensemble top-2 backbones,False,GPU tensor transforms + model + aggregation; excludes image decode/CPU loader
32,242.24909149961604,244.28703455005234,245.14811127985013,242.1661849000884,132.09543863263866,fp32,Tesla T4,224,10,50,2.11.0+cu130,False,I05,Ensemble top-2 backbones,False,GPU tensor transforms + model + aggregation; excludes image decode/CPU loader
1,5.324294000274676,10.336290600389475,11.45908016913381,5.7962063199374825,187.818328579979,fp32,Tesla T4,224,10,50,2.11.0+cu130,False,I07,Temperature scaling,False,GPU tensor transforms + model + aggregation; excludes image decode/CPU loader
32,107.78124750049756,111.11537049946492,111.5620637691427,108.10069449991715,296.89765837839536,fp32,Tesla T4,224,10,50,2.11.0+cu130,False,I07,Temperature scaling,False,GPU tensor transforms + model + aggregation; excludes image decode/CPU loader
1,6.697715500195045,7.178110100358026,8.00572744987221,6.755372319967137,149.30463976424184,amp,Tesla T4,224,10,50,2.11.0+cu130,False,I08,1-view AMP,False,GPU tensor transforms + model + aggregation; excludes image decode/CPU loader
32,29.306607500984683,29.470743449928705,29.631243759540666,29.293143060021976,1091.9039332316038,amp,Tesla T4,224,10,50,2.11.0+cu130,False,I08,1-view AMP,False,GPU tensor transforms + model + aggregation; excludes image decode/CPU loader
