exp_id,backbone,axis,change_vs_T00,seed,val_macro_f1,val_top1,delta_vs_T00_seed0,baseline_macro_f1_std,verdict_vs_noise,chinee_apple_f1,snake_weed_f1,best_epoch,train_seconds_epoch,curve
T00,deit_small_patch16_224.fb_in1k,Baseline,T00,0,0.9509588848473027,0.9628677520708369,,0.0017351059463352582,baseline,0.9070294784580497,0.9045226130653267,8,42.36278200424988,/content/drive/MyDrive/DeepWeeds_Day2_2A202602451/curves/T00_baseline_seed0.png
T00,deit_small_patch16_224.fb_in1k,Baseline,T00,1,0.9508427346216679,0.9628677520708369,,0.0017351059463352582,baseline,0.8971962616822431,0.9019607843137254,12,42.81911545066646,/content/drive/MyDrive/DeepWeeds_Day2_2A202602451/curves/T00_baseline_seed1.png
T00,deit_small_patch16_224.fb_in1k,Baseline,T00,2,0.9478972019407084,0.9622964867180805,,0.0017351059463352582,baseline,0.8971962616822431,0.8916256157635468,12,42.40072883733342,/content/drive/MyDrive/DeepWeeds_Day2_2A202602451/curves/T00_baseline_seed2.png
T01,deit_small_patch16_224.fb_in1k,A,frozen backbone,0,0.762678174342675,0.8163381890888317,-0.1882807105046277,0.0017351059463352582,phân biệt được,0.6666666666666666,0.6684931506849315,11,35.97891545933347,/content/drive/MyDrive/DeepWeeds_Day2_2A202602451/curves/T01_frozen_backbone.png
T02,deit_small_patch16_224.fb_in1k,A,training from scratch,0,0.6704986117963032,0.7549271636675235,-0.2804602730509995,0.0017351059463352582,phân biệt được,0.5701357466063349,0.5314285714285715,12,44.109745285666726,/content/drive/MyDrive/DeepWeeds_Day2_2A202602451/curves/T02_training_from_scratch.png
T03,deit_small_patch16_224.fb_in1k,B,ColorJitter,0,0.9374700771805268,0.9537275064267352,-0.01348880766677596,0.0017351059463352582,phân biệt được,0.883177570093458,0.8826530612244898,12,92.79875784749993,/content/drive/MyDrive/DeepWeeds_Day2_2A202602451/curves/T03_colorjitter.png
T04,deit_small_patch16_224.fb_in1k,B,RandAugment,0,0.953907835048429,0.964581548129106,0.002948950201126288,0.0017351059463352582,phân biệt được,0.9174311926605504,0.8923076923076922,8,53.0123335966667,/content/drive/MyDrive/DeepWeeds_Day2_2A202602451/curves/T04_randaugment.png
T05,deit_small_patch16_224.fb_in1k,B,Mixup alpha=1,0,0.9516116291341008,0.9625821193944587,0.0006527442867980682,0.0017351059463352582,không phân biệt được,0.9056603773584906,0.8972431077694236,10,42.83739860899974,/content/drive/MyDrive/DeepWeeds_Day2_2A202602451/curves/T05_mixup_alpha1.png
T06,deit_small_patch16_224.fb_in1k,B,CutMix alpha=1,0,0.9570270298494093,0.9680091402456441,0.0060681450021066174,0.0017351059463352582,phân biệt được,0.9090909090909091,0.9137055837563451,10,43.222468473749814,/content/drive/MyDrive/DeepWeeds_Day2_2A202602451/curves/T06_cutmix_alpha1.png
T07,deit_small_patch16_224.fb_in1k,C,label smoothing 0.1,0,0.9537753182716053,0.9648671808054842,0.0028164334243026,0.0017351059463352582,phân biệt được,0.9048723897911833,0.910941475826972,12,43.311293044749924,/content/drive/MyDrive/DeepWeeds_Day2_2A202602451/curves/T07_label_smoothing_0.1.png
T08,deit_small_patch16_224.fb_in1k,C,focal gamma=2,0,0.9559484798070069,0.9668666095401314,0.004989594959704191,0.0017351059463352582,phân biệt được,0.9241379310344828,0.9054726368159204,12,42.62446287166707,/content/drive/MyDrive/DeepWeeds_Day2_2A202602451/curves/T08_focal_gamma2.png
T09,deit_small_patch16_224.fb_in1k,C,inverse-frequency weighted CE,0,0.9499817848072275,0.9611539560125678,-0.0009771000400752294,0.0017351059463352582,không phân biệt được,0.918918918918919,0.888888888888889,10,42.21878903800007,/content/drive/MyDrive/DeepWeeds_Day2_2A202602451/curves/T09_inverse-frequency_weighted_ce.png
T10,deit_small_patch16_224.fb_in1k,F,EMA decay=0.999,0,0.9494888998643357,0.9620108540417024,-0.0014699849829670208,0.0017351059463352582,không phân biệt được,0.9069767441860465,0.89,12,44.12958718050004,/content/drive/MyDrive/DeepWeeds_Day2_2A202602451/curves/T10_ema_decay0.999.png
T11,deit_small_patch16_224.fb_in1k,Combined,T06 + T08,0,0.9532449256171568,0.964581548129106,0.0022860407698540586,0.0017351059463352582,phân biệt được,0.9009433962264151,0.9090909090909091,11,42.96133595875017,/content/drive/MyDrive/DeepWeeds_Day2_2A202602451/curves/T11_best_combination.png
